fever,cough,cold,headache,body_pain,fatigue,sore_throat,vomiting,diarrhea,abdominal_pain,dizziness,chest_pain,breathing_difficulty,high_fever,loss_of_consciousness,severe_bleeding,triage_priority
0,1,1,0,0,0,0,0,0,0,0,0,0,0,0,0,Low Priority
0,0,1,1,0,0,0,0,0,0,0,0,0,0,0,0,Low Priority
0,0,1,0,0,1,1,0,0,0,0,0,0,0,0,0,Low Priority
0,1,0,0,0,0,1,0,0,0,0,0,0,0,0,0,Low Priority
0,0,0,1,0,1,0,0,0,0,0,0,0,0,0,0,Low Priority
0,0,1,0,1,0,0,0,0,0,0,0,0,0,0,0,Low Priority
0,1,1,1,0,0,0,0,0,0,0,0,0,0,0,0,Low Priority
0,0,0,1,1,0,0,0,0,0,0,0,0,0,0,0,Low Priority
0,0,1,0,0,0,0,0,0,0,0,0,0,0,0,0,Low Priority
0,1,0,0,0,1,0,0,0,0,0,0,0,0,0,0,Low Priority
1,1,1,0,0,0,0,0,0,0,0,0,0,0,0,0,Moderate Priority
1,0,1,1,0,0,0,0,0,0,0,0,0,0,0,0,Moderate Priority
1,1,0,0,1,0,0,0,0,0,0,0,0,0,0,0,Moderate Priority
1,0,0,1,1,1,0,0,0,0,0,0,0,0,0,0,Moderate Priority
0,0,0,0,0,0,0,1,1,0,0,0,0,0,0,0,Moderate Priority
0,0,0,0,0,1,0,1,0,1,0,0,0,0,0,0,Moderate Priority
0,0,0,0,0,0,0,0,1,1,0,0,0,0,0,0,Moderate Priority
1,0,0,0,0,0,1,0,0,0,0,0,0,0,0,0,Moderate Priority
0,0,0,1,0,1,0,0,0,0,1,0,0,0,0,0,Moderate Priority
1,1,0,1,0,0,0,0,0,0,0,0,0,0,0,0,Moderate Priority
1,0,0,0,1,1,0,0,0,0,0,0,0,0,0,0,Moderate Priority
0,1,1,0,0,0,1,0,0,0,0,0,0,0,0,0,Moderate Priority
0,0,0,0,1,0,0,1,1,0,0,0,0,0,0,0,Moderate Priority
1,1,1,1,1,0,0,0,0,0,0,0,0,0,0,0,High Priority
1,0,0,1,1,1,0,1,0,0,0,0,0,1,0,0,High Priority
1,0,0,0,0,1,0,1,1,1,0,0,0,0,0,0,High Priority
1,1,0,0,1,0,0,0,0,0,1,0,0,1,0,0,High Priority
1,0,0,1,0,1,0,0,0,1,1,0,0,0,0,0,High Priority
0,0,0,0,0,1,0,1,1,1,1,0,0,0,0,0,High Priority
1,1,1,0,1,1,1,0,0,0,0,0,0,1,0,0,High Priority
1,0,0,0,1,1,0,1,0,1,0,0,0,1,0,0,High Priority
1,0,0,1,1,0,0,0,0,1,0,0,0,1,0,0,High Priority
1,1,0,0,0,1,0,1,1,0,0,0,0,1,0,0,High Priority
0,0,0,0,0,0,0,0,0,0,0,1,0,0,0,0,Urgent Attention
0,0,0,0,0,0,0,0,0,0,0,0,1,0,0,0,Urgent Attention
0,0,0,0,0,0,0,0,0,0,0,1,1,0,0,0,Urgent Attention
0,0,0,0,0,0,0,0,0,0,1,1,0,0,0,0,Urgent Attention
0,0,0,0,0,0,0,0,0,0,0,0,0,0,1,0,Urgent Attention
0,0,0,0,0,0,0,0,0,0,0,0,0,0,0,1,Urgent Attention
1,1,0,0,0,0,0,0,0,0,0,0,1,0,0,0,Urgent Attention
0,0,0,1,0,1,0,0,0,0,1,1,0,0,0,0,Urgent Attention
0,0,0,0,0,0,0,1,0,0,1,0,1,0,0,0,Urgent Attention
1,0,0,0,0,0,0,0,0,0,0,1,1,1,0,0,Urgent Attention
0,0,0,0,0,0,0,0,0,0,0,0,1,0,1,0,Urgent Attention
0,0,0,0,0,1,0,0,0,0,0,0,0,0,0,1,Urgent Attention
0,1,0,0,0,0,0,0,0,0,0,1,1,0,0,0,Urgent Attention
1,0,1,0,0,0,0,0,0,0,0,0,1,0,0,0,Urgent Attention
0,0,0,0,0,0,0,0,0,0,0,1,0,0,1,0,Urgent Attention
